marker_x,marker_z
0.003,1.127
0.387,1.617
1.170,0.960
0.701,1.792
1.646,1.493
0.348,1.718
1.421,1.027
0.608,0.030
0.183,0.729
0.295,0.332
1.977,0.891
0.238,0.009
0.018,0.756
1.063,1.142
1.204,1.214
0.332,1.326
0.902,0.704
0.114,1.215
1.567,1.605
1.040,0.604
1.752,1.453
1.912,1.851
1.079,0.285
0.924,0.471
1.724,0.419
1.559,1.687
1.994,1.999
1.223,0.785
0.532,0.595
1.680,0.047
0.752,0.185
1.354,0.112
0.018,1.838
0.552,0.546
1.176,1.382
1.675,1.453
0.970,0.411
1.487,0.937
0.916,1.898
1.489,0.217
1.198,0.770
1.470,1.218
1.145,0.723
0.303,0.450
0.850,1.606
1.034,1.980
1.503,0.691
0.338,1.315
0.984,0.127
1.400,3.010
0.295,3.899
0.283,3.810
1.386,2.606
0.853,2.141
1.933,3.366
0.306,3.755
1.643,3.164
0.383,2.356
1.634,2.951
0.311,3.008
1.464,2.811
0.559,3.137
1.364,3.512
1.444,2.951
0.246,2.736
1.669,2.070
1.034,3.326
0.852,2.209
1.899,3.843
1.099,2.692
0.943,2.750
1.694,2.634
0.912,2.544
1.966,2.596
1.478,3.135
0.392,3.523
1.679,2.795
1.002,3.780
0.055,3.989
1.145,2.101
1.063,2.388
1.686,3.254
1.315,2.396
1.684,2.247
0.220,3.486
0.628,3.882
0.572,2.673
0.281,3.466
1.669,3.416
1.200,3.494
0.505,2.289
0.003,2.122
1.612,3.705
0.421,2.231
1.106,2.029
0.228,2.909
1.504,3.372
1.087,2.148
0.873,4.404
1.392,4.581
0.873,4.465
1.156,5.065
1.257,4.320
1.008,5.926
1.392,5.850
0.380,4.672
0.357,5.990
0.915,5.996
0.195,5.250
0.189,4.875
1.863,4.097
1.789,4.580
0.455,5.538
0.821,4.404
1.256,5.208
0.903,4.933
1.196,5.269
1.710,5.658
1.250,5.442
1.132,4.750
0.369,5.476
1.110,5.810
0.486,4.378
1.209,5.397
1.169,4.703
0.989,4.161
1.481,5.224
1.241,5.382
1.609,4.298
1.152,5.735
1.823,5.229
1.455,4.086
1.336,5.953
0.630,5.138
0.612,4.348
0.217,5.738
1.702,5.489
0.310,4.654
0.159,4.153
1.282,5.640
1.090,4.897
0.818,4.597
0.931,5.002
0.305,4.646
1.476,4.628
1.653,5.918
1.747,5.450
0.600,7.888
0.254,6.131
1.570,7.049
1.219,7.912
0.145,7.751
1.308,6.644
0.210,7.010
0.454,6.581
1.840,7.102
1.326,6.229
0.985,6.758
0.994,7.587
1.019,6.765
1.376,7.064
1.213,6.790
0.012,7.416
0.201,7.246
1.726,6.983
1.495,6.994
0.760,7.571
1.106,6.714
1.911,7.262
0.353,6.748
0.263,7.487
1.903,7.224
0.056,6.660
0.112,7.278
0.263,7.694
1.729,7.194
1.443,7.708
0.029,6.253
1.416,7.234
0.435,6.132
0.338,7.248
0.682,6.639
0.735,7.322
1.605,7.614
1.053,7.222
1.596,7.801
0.290,7.260
0.805,6.507
0.273,7.710
0.132,6.856
1.147,6.605
1.096,6.451
0.623,6.221
1.616,6.269
0.568,7.576
1.790,7.579
1.488,9.230
0.722,9.713
0.457,9.727
0.459,8.499
1.085,9.970
0.108,8.163
1.049,8.854
0.189,8.518
1.783,8.466
0.293,8.250
1.863,8.160
0.094,8.117
0.673,9.829
0.797,8.866
1.892,9.674
1.068,9.684
1.387,8.795
0.518,8.009
1.051,9.910
0.797,8.482
1.171,8.510
1.368,9.891
0.871,9.780
0.014,9.882
1.203,9.572
1.153,8.285
0.445,8.766
0.009,8.836
0.164,9.320
1.710,8.130
1.622,9.324
1.383,9.605
1.060,9.371
0.286,9.379
1.456,9.555
0.062,9.737
1.289,9.413
0.171,9.104
1.896,8.118
0.550,8.290
1.964,9.240
0.584,9.845
0.735,9.389
0.437,8.312
0.481,9.043
1.805,8.213
1.805,8.883
0.160,9.564
0.344,9.949
1.552,11.741
0.421,10.913
0.008,11.501
0.228,10.809
0.622,11.985
0.077,10.504
0.379,10.495
0.307,11.241
1.771,11.878
0.391,11.559
1.291,11.314
1.818,10.911
1.843,11.328
0.302,11.273
1.139,10.844
1.886,11.081
1.157,11.073
0.511,10.794
0.701,10.073
1.591,10.393
0.141,10.779
1.181,10.142
0.395,10.312
1.289,10.909
1.209,11.395
0.883,11.369
0.793,11.671
1.184,10.399
1.899,11.752
0.783,11.975
0.371,11.791
1.149,10.884
1.255,11.417
0.099,10.571
0.520,10.815
1.791,11.420
1.457,11.792
0.787,10.795
1.808,10.617
0.776,11.141
0.707,11.467
1.491,11.473
1.479,10.279
0.400,10.545
1.361,11.822
0.736,11.035
0.219,11.815
0.406,11.036
1.310,10.877
1.375,12.181
0.159,12.152
0.056,12.710
0.614,13.395
0.285,12.790
0.136,13.351
1.450,12.397
1.388,13.231
1.310,13.088
0.197,13.091
0.099,13.949
0.928,13.940
1.456,13.062
1.360,13.386
0.744,12.777
0.100,13.620
0.339,12.122
0.621,13.569
0.425,12.644
0.969,12.018
0.880,13.016
1.212,13.517
0.802,12.700
1.685,13.885
1.247,13.995
0.107,13.126
1.727,12.774
0.613,12.568
0.053,13.225
0.782,12.037
0.062,12.911
1.716,13.874
0.804,13.455
1.223,13.617
1.751,13.165
1.190,12.158
1.586,12.924
1.181,13.179
1.138,13.632
1.345,12.687
0.020,12.535
0.683,12.464
1.542,12.743
1.740,12.234
1.451,13.258
1.788,12.366
1.071,13.804
1.560,13.930
0.395,13.803
1.595,15.907
1.698,15.781
1.257,14.371
1.234,14.530
0.501,15.464
1.576,14.342
1.428,14.962
0.163,15.613
1.711,14.249
0.615,15.147
0.946,15.524
0.384,15.456
1.990,14.031
1.295,15.383
0.348,14.144
0.550,15.353
1.678,15.113
0.742,15.559
0.465,15.276
0.463,14.409
1.942,14.563
0.046,15.538
0.304,14.094
0.018,14.697
1.288,14.686
0.829,14.833
0.181,15.090
1.399,14.676
1.315,15.752
1.071,15.140
0.108,14.932
0.520,14.854
1.727,14.973
0.175,15.132
1.419,15.557
1.728,15.701
0.586,15.729
1.290,15.494
1.657,15.531
1.744,15.817
1.825,15.044
0.880,14.215
0.708,15.646
0.855,14.340
0.002,15.315
1.547,14.127
0.180,14.771
1.368,15.615
0.308,14.286
0.097,16.692
0.037,17.957
1.295,16.107
1.828,17.275
0.863,16.042
0.485,16.784
1.308,17.564
0.046,17.652
0.277,17.269
1.101,17.967
0.927,16.430
0.601,17.564
0.685,16.961
1.216,16.205
1.969,17.512
0.302,16.913
1.423,17.997
1.551,17.283
1.242,17.892
1.376,16.580
1.134,16.581
1.096,17.425
0.493,17.093
0.985,17.904
1.340,17.530
1.247,16.892
1.598,17.491
1.978,16.409
1.259,17.820
1.183,17.837
1.011,16.979
0.899,17.779
1.881,16.366
0.504,16.406
1.461,17.882
1.250,16.083
1.283,16.069
1.113,17.089
0.893,16.123
1.992,16.256
1.202,16.101
0.346,17.320
0.665,16.632
1.307,16.821
0.855,16.443
1.357,16.333
0.995,17.015
1.605,16.870
0.009,16.679
0.752,18.257
1.655,19.467
1.782,19.287
1.301,19.029
1.468,19.474
1.914,18.932
0.727,18.224
1.809,19.642
0.910,18.217
1.739,19.523
0.078,18.833
1.872,18.136
0.330,18.423
0.234,19.182
0.237,19.237
1.160,19.381
1.463,19.831
1.339,18.597
1.618,18.756
1.995,19.545
0.409,18.341
0.777,18.362
1.162,18.391
1.920,18.381
0.763,18.608
0.242,18.396
0.092,19.542
1.522,19.762
0.004,18.897
0.853,19.603
0.923,18.990
1.499,18.477
1.119,18.185
1.844,19.788
1.714,18.119
0.982,19.264
1.494,19.512
0.511,19.820
1.584,18.399
1.106,18.102
1.044,19.581
1.408,18.048
1.463,19.107
1.828,19.751
1.594,18.611
0.790,18.964
0.105,19.304
0.002,19.537
1.512,18.439
2.310,0.115
3.341,0.065
2.692,1.396
3.596,0.873
3.963,1.271
2.591,0.954
3.749,0.159
2.202,0.286
2.286,1.836
2.617,0.748
3.628,0.093
3.628,0.480
3.796,0.513
2.539,0.416
2.459,1.692
3.750,1.775
3.690,1.219
2.082,0.347
2.368,0.712
2.899,0.370
3.789,1.246
3.093,1.823
3.045,1.461
3.999,1.939
3.735,1.680
2.293,0.749
2.569,0.342
3.948,1.484
3.433,0.062
3.290,1.625
3.472,1.636
2.249,1.438
2.750,1.300
3.831,1.779
2.064,1.547
2.898,0.015
2.457,0.837
2.313,1.838
3.003,0.486
3.509,1.813
2.427,0.064
3.542,0.456
3.113,1.613
3.704,0.663
3.078,1.984
3.739,1.294
2.455,1.626
2.742,0.734
2.070,1.123
2.796,2.240
2.650,3.798
2.403,3.880
2.250,3.699
3.788,2.891
2.444,3.270
3.120,3.248
2.847,2.033
3.728,2.279
2.535,2.584
3.363,3.123
3.918,3.214
3.576,2.845
3.637,3.479
2.272,3.033
2.040,2.014
3.497,2.668
3.804,2.925
3.536,2.101
3.262,2.048
3.365,3.938
3.001,3.413
2.532,3.645
3.293,3.194
2.527,3.688
2.920,3.496
2.703,2.029
2.953,3.253
2.808,2.767
2.055,2.578
3.194,3.768
2.864,3.863
2.766,3.066
2.020,3.948
3.730,2.875
3.399,2.666
3.205,2.997
3.119,2.078
2.756,2.466
3.875,3.719
3.928,3.218
3.168,2.153
2.814,2.611
2.997,2.160
3.750,2.609
3.563,3.866
3.177,2.432
2.559,3.121
3.749,2.500
2.603,5.454
3.733,4.462
2.381,4.894
3.781,5.149
2.058,5.990
2.118,5.238
2.514,4.340
2.232,4.463
2.990,5.920
2.099,4.159
2.675,4.559
3.031,4.981
2.825,5.849
3.202,4.584
2.952,4.803
3.903,5.097
3.670,5.589
3.603,5.186
3.740,4.636
3.878,4.536
3.887,5.438
2.255,5.550
2.946,4.352
2.053,4.083
2.910,5.725
2.272,4.029
2.426,5.637
3.594,5.559
3.317,4.597
3.563,5.843
3.684,4.485
2.998,4.046
2.151,4.062
2.712,5.431
2.820,4.361
2.596,4.364
3.490,4.269
2.116,5.051
2.718,5.613
2.318,5.800
2.264,4.058
2.363,5.636
2.498,5.141
2.694,5.080
3.330,5.742
3.865,5.891
2.210,4.306
3.116,5.601
3.790,4.145
3.745,7.645
2.777,7.098
3.344,6.902
2.563,7.899
3.964,7.456
3.190,6.545
2.264,6.396
3.201,6.975
2.711,6.460
2.957,7.384
3.896,7.342
3.965,6.475
3.027,6.472
3.796,6.969
2.653,7.075
3.142,6.673
2.696,6.338
2.580,6.439
3.846,7.479
3.614,7.301
3.373,6.540
3.534,6.129
3.444,7.718
2.683,6.089
2.969,6.042
3.676,7.237
3.081,7.208
3.137,7.555
3.280,7.393
3.520,7.736
2.316,6.847
3.573,6.043
2.877,6.084
3.013,6.539
2.137,6.490
3.964,7.013
3.231,6.142
2.735,7.911
3.720,6.675
2.484,6.579
2.102,7.985
2.345,6.138
2.440,6.602
3.574,7.299
2.167,6.526
2.273,6.435
3.125,6.357
3.265,6.214
2.907,7.518
2.668,8.115
2.565,9.389
3.747,9.135
3.737,8.162
3.591,9.999
3.270,9.238
3.190,9.186
2.389,9.958
2.463,8.085
2.478,8.510
2.814,9.590
2.545,9.800
2.759,9.455
2.413,8.106
3.209,8.708
2.722,9.336
3.952,8.447
3.792,8.694
3.907,9.330
2.403,8.565
2.711,9.064
2.582,8.440
2.199,8.213
3.419,9.688
3.344,9.638
2.012,8.983
3.209,9.871
2.581,9.212
3.494,9.748
3.824,9.660
3.212,8.610
3.568,8.300
3.085,9.378
2.789,9.986
2.204,8.823
2.055,9.375
2.518,8.338
2.457,8.378
3.724,9.527
2.095,8.966
2.112,9.922
2.170,9.131
3.925,9.148
3.757,8.817
2.806,8.827
3.317,9.647
3.890,8.566
2.004,9.233
2.099,9.312
2.844,11.909
3.208,10.402
2.829,10.681
3.246,11.617
2.010,10.211
2.789,10.554
2.634,11.648
3.707,10.623
2.395,11.129
2.938,11.990
2.866,10.737
2.838,10.770
3.161,11.755
2.675,10.787
3.902,11.018
2.837,11.217
3.554,10.167
2.302,10.416
2.175,10.635
2.944,11.258
2.666,10.159
3.229,10.286
2.561,11.650
2.878,11.989
2.442,10.215
3.038,10.529
2.015,11.153
3.541,10.215
3.938,10.739
3.808,11.043
2.445,10.605
2.957,10.621
2.829,11.529
3.683,10.778
2.855,11.448
3.470,10.183
2.163,11.506
3.694,11.276
2.719,10.950
2.189,10.831
2.377,10.686
3.827,10.459
2.621,10.309
2.683,10.365
2.545,10.412
2.345,10.671
2.131,11.004
3.927,11.619
2.893,11.826
2.359,12.964
2.944,13.398
2.497,13.873
2.555,12.599
3.645,13.639
3.260,13.590
2.014,12.522
2.579,13.906
3.719,13.035
3.415,12.512
3.842,12.983
2.187,13.652
2.153,12.565
2.768,13.287
3.030,12.863
2.281,13.950
2.149,12.010
3.830,12.823
3.511,12.375
2.203,12.846
3.356,13.055
3.648,13.674
2.543,12.999
3.741,12.298
3.942,13.077
2.441,12.133
2.409,12.395
2.386,12.399
3.914,13.187
3.478,12.589
3.360,13.572
3.843,13.857
3.689,12.518
2.211,12.124
3.808,12.297
3.786,12.719
3.913,12.763
2.663,13.369
3.775,12.760
2.867,13.349
2.534,12.966
3.056,13.604
3.588,13.493
2.973,13.656
3.118,12.558
2.694,12.108
3.823,13.526
2.737,12.565
2.422,12.649
2.100,15.763
2.498,14.808
2.290,15.751
3.216,15.567
2.394,14.903
3.524,14.867
3.273,15.609
2.349,14.645
3.926,15.419
2.395,15.726
2.095,15.486
2.072,14.262
2.165,15.105
3.138,15.066
2.438,14.154
2.609,14.129
2.823,14.267
2.503,15.641
3.018,14.537
3.976,15.833
2.243,14.569
3.414,14.942
2.589,14.689
3.050,15.622
3.034,14.135
3.658,15.109
2.207,15.019
3.893,15.446
2.948,14.903
3.838,15.098
2.731,15.769
3.319,14.245
3.015,14.225
2.560,15.093
3.583,14.738
3.716,15.489
2.928,14.719
2.884,15.172
2.758,15.264
3.115,14.965
3.673,14.371
2.019,14.219
2.081,14.444
2.512,14.821
3.415,14.885
2.266,15.088
3.714,15.613
2.437,15.848
2.627,14.286
3.214,16.021
3.911,17.074
2.774,16.025
2.474,17.771
3.185,16.305
2.033,17.070
3.833,17.305
2.449,16.811
3.932,16.194
2.799,17.012
2.671,16.657
3.251,16.502
2.580,17.067
3.797,16.956
2.656,17.349
2.921,17.166
2.826,17.845
2.242,17.329
2.297,16.495
2.223,16.204
3.379,17.653
2.981,16.907
3.307,16.837
3.280,16.198
3.661,16.737
3.756,17.040
3.925,16.789
3.451,17.261
2.748,17.627
3.705,16.128
3.487,16.725
2.471,17.638
3.567,16.548
3.126,16.349
2.248,17.514
2.828,16.559
2.342,17.088
2.482,16.637
2.450,17.316
3.397,17.340
3.287,16.112
2.659,17.904
2.641,16.615
2.326,16.737
2.553,17.922
2.472,16.522
3.250,17.512
3.166,16.542
3.424,16.676
3.428,18.043
3.401,19.261
2.253,19.440
2.762,19.048
3.728,19.184
2.990,18.062
3.344,19.107
2.699,19.145
3.529,18.045
2.001,19.094
3.496,18.564
3.588,19.670
3.448,18.593
3.077,18.811
2.204,18.779
2.193,19.336
2.324,19.382
3.342,19.477
3.776,19.513
3.139,18.530
2.223,18.534
3.467,19.955
2.976,18.430
3.602,19.226
2.697,18.965
3.997,18.747
3.896,18.441
3.261,19.151
2.291,19.860
2.916,19.285
2.097,19.312
3.485,18.200
3.301,18.399
2.469,19.464
3.989,19.508
3.787,19.095
3.784,19.738
3.232,19.440
3.462,18.304
3.512,18.306
2.809,19.229
3.434,19.660
3.772,18.127
2.790,19.207
2.976,18.903
3.524,19.158
2.671,19.166
2.721,19.499
2.163,18.191
5.994,0.089
4.793,0.216
4.830,0.868
4.539,0.906
4.450,0.523
5.283,1.786
5.758,0.899
4.823,0.464
5.929,1.479
4.683,1.446
5.207,1.243
5.788,1.365
4.471,0.218
5.063,1.431
5.136,0.030
5.022,0.917
5.942,1.779
5.405,0.492
4.207,0.533
4.933,1.214
4.098,0.772
4.233,1.996
5.480,0.082
4.009,1.361
5.913,1.413
5.502,0.282
5.357,1.226
5.326,1.952
4.142,1.815
5.723,1.257
5.778,1.150
4.304,1.797
5.148,0.526
4.351,1.251
5.669,1.341
5.717,0.897
5.966,1.320
5.418,0.116
5.632,1.494
5.948,1.671
4.628,0.235
4.411,0.584
5.896,1.685
4.500,0.432
5.732,0.862
4.411,1.857
5.507,0.780
4.749,1.116
5.261,1.882
5.473,3.472
4.777,3.100
5.960,3.256
4.655,2.860
5.255,3.391
4.980,3.337
4.537,2.209
4.130,2.280
4.908,2.361
5.293,3.714
4.532,3.635
5.250,3.834
4.205,2.508
4.994,3.402
5.408,2.219
4.744,2.964
5.922,2.198
4.909,2.186
5.041,2.652
5.581,3.648
5.476,3.128
4.103,2.375
5.982,2.854
5.287,3.443
5.802,3.686
5.831,2.966
4.960,3.455
5.515,2.768
5.489,2.548
4.726,2.062
5.645,3.516
4.869,2.449
4.165,2.531
5.251,3.535
4.652,2.509
4.970,3.504
5.124,2.696
5.393,3.934
4.803,2.545
5.778,3.185
5.213,2.695
5.603,3.660
5.630,2.847
4.163,3.265
5.965,3.377
4.999,2.369
5.135,2.477
5.724,2.578
5.979,3.640
4.805,4.643
4.797,5.315
5.862,5.808
4.555,5.527
5.051,5.905
5.834,5.285
4.096,4.527
4.577,5.585
4.516,4.574
4.704,5.829
5.637,4.487
4.644,4.460
5.922,4.491
5.867,5.636
4.207,5.155
4.455,4.752
4.383,5.574
5.793,4.618
4.108,5.504
5.439,5.117
5.096,4.737
4.219,4.138
5.546,4.055
4.640,4.617
4.290,5.052
4.654,5.481
5.197,5.159
5.852,5.321
5.420,5.163
4.144,4.589
4.029,5.544
5.995,5.159
4.610,4.950
4.270,5.031
4.374,5.099
4.754,5.022
5.355,5.447
5.415,5.232
4.247,5.914
5.461,4.113
4.456,4.998
4.267,5.948
4.913,5.569
5.224,5.549
5.225,5.679
4.578,5.996
5.715,4.676
4.315,4.215
5.926,5.958
5.169,6.228
4.137,6.662
4.796,6.862
5.469,7.609
5.193,7.756
5.127,7.815
4.412,6.458
4.358,6.879
4.641,6.434
5.669,7.567
5.712,6.796
4.886,7.898
4.095,7.577
4.601,7.039
4.442,7.337
4.579,6.345
5.744,6.945
5.686,7.824
5.171,6.319
4.892,7.364
5.636,7.964
5.931,7.029
4.176,6.101
5.154,7.725
5.185,7.207
5.161,6.566
5.577,6.774
5.763,6.239
5.936,6.115
4.836,6.688
4.717,6.004
4.634,6.423
5.564,6.982
4.122,7.778
4.795,7.137
4.890,7.413
5.137,7.170
5.212,6.391
4.750,7.552
5.812,7.129
5.624,7.598
5.896,7.540
4.394,7.260
5.028,7.687
5.650,7.458
5.381,7.237
4.793,7.757
5.966,7.066
4.506,7.200
5.362,9.282
5.901,9.124
4.543,9.020
4.405,9.752
4.340,8.298
5.444,9.383
5.114,9.244
5.993,10.000
5.196,9.028
5.050,8.091
5.665,9.785
5.102,8.514
4.011,9.867
5.635,8.200
4.262,9.709
4.763,9.525
4.130,8.653
4.032,8.150
4.740,8.013
4.460,9.149
5.493,8.709
4.879,8.229
5.654,8.790
4.640,9.869
5.194,9.129
5.745,9.170
4.473,8.643
4.468,9.254
5.311,9.316
5.521,8.999
5.023,8.351
4.840,8.942
5.969,9.774
4.044,8.147
4.185,8.779
4.634,9.865
5.665,9.147
4.988,8.789
5.839,9.044
4.225,9.722
4.836,9.506
5.991,8.458
4.060,8.931
4.237,8.711
4.681,9.888
4.041,9.885
5.562,9.553
5.553,9.501
5.228,8.088
4.106,11.108
5.395,10.271
4.573,11.463
4.660,10.695
5.020,11.823
5.889,11.850
5.723,11.140
5.879,11.384
4.613,11.982
4.850,11.881
5.209,10.982
4.331,11.449
4.098,10.647
5.006,10.439
4.031,10.315
5.074,10.602
5.697,11.092
4.699,10.002
4.233,10.572
5.097,10.002
5.531,10.153
5.835,11.612
4.417,10.767
4.896,11.550
5.748,11.830
5.077,11.288
4.500,11.226
5.287,11.428
5.907,11.141
4.290,10.695
5.717,11.557
5.482,11.884
5.613,10.218
4.236,10.051
5.885,10.881
4.406,11.275
4.395,10.664
5.521,11.298
5.908,10.308
5.268,10.355
4.846,10.154
4.789,11.512
5.534,11.663
5.384,10.814
4.997,11.282
4.167,10.568
4.365,10.463
5.242,10.065
5.958,10.667
5.962,13.055
4.111,13.142
4.828,12.288
4.796,12.305
4.605,12.437
4.105,12.531
5.193,13.712
4.668,13.166
5.845,13.472
4.051,13.578
5.271,12.161
4.207,13.050
5.199,12.871
4.041,13.334
5.958,12.841
4.151,12.686
5.642,12.216
5.807,13.172
5.421,12.374
5.229,12.086
4.554,13.122
5.231,13.266
5.677,13.095
5.290,13.143
5.918,12.651
4.102,13.317
4.410,13.586
5.691,12.486
5.762,12.977
5.126,13.532
4.042,13.466
4.924,12.580
4.854,13.299
4.180,13.847
4.050,12.431
5.504,13.078
4.652,12.007
5.822,13.406
4.543,13.542
4.099,12.422
4.493,13.094
4.051,12.288
5.075,12.765
4.913,13.694
4.043,12.821
4.311,13.480
4.722,12.760
4.319,12.720
4.990,12.630
4.749,15.107
5.397,14.918
4.743,14.419
5.992,14.310
4.727,14.908
4.423,15.653
5.794,15.405
4.866,15.410
4.574,14.962
4.352,14.940
4.652,14.841
4.043,14.903
4.600,14.665
4.038,15.104
5.693,15.538
5.254,15.099
5.348,15.954
4.953,15.857
5.379,15.305
5.480,15.811
5.105,14.789
4.763,15.591
4.389,14.556
4.149,14.769
4.660,14.874
4.140,14.915
4.997,14.156
5.575,14.283
5.311,15.637
4.842,14.442
5.714,15.527
4.661,14.156
4.121,14.454
5.025,14.833
5.160,14.996
5.837,14.851
4.431,15.130
5.821,15.081
5.206,14.399
5.263,14.904
5.610,14.619
5.150,15.053
5.353,15.930
4.265,14.585
4.072,14.007
4.797,14.280
4.362,15.246
4.040,15.817
5.527,15.734
4.730,16.992
5.144,16.816
5.595,16.336
4.489,17.073
4.668,17.410
4.884,17.523
4.942,16.109
5.038,17.856
4.907,17.285
4.433,16.517
5.550,17.994
4.827,16.450
4.382,17.688
4.932,17.314
4.032,16.657
4.334,17.984
5.998,17.044
5.702,16.150
5.096,17.733
5.378,16.825
5.189,17.429
5.373,16.580
5.736,17.244
4.871,17.307
5.746,17.101
4.266,16.334
4.682,17.261
5.828,16.703
4.886,17.296
4.030,16.413
5.092,17.816
5.626,16.456
5.571,17.261
4.520,16.445
4.498,17.071
5.508,17.654
4.077,17.549
5.934,16.283
4.003,17.728
5.346,16.754
4.817,17.554
4.193,17.860
4.722,17.694
5.643,17.564
4.411,17.298
5.573,17.288
5.484,16.996
4.797,17.465
5.005,17.478
4.593,19.211
5.771,18.944
5.603,19.889
4.842,19.747
5.142,19.406
5.915,19.545
5.015,19.045
4.081,19.259
4.865,19.635
4.547,19.169
5.152,18.897
5.872,19.451
4.793,18.745
5.288,18.461
5.555,18.389
4.668,19.091
4.231,18.022
4.695,18.505
4.698,18.924
5.804,19.560
4.885,18.790
5.458,19.240
4.742,18.087
4.313,18.395
4.249,18.265
4.845,18.121
5.545,19.624
4.994,19.074
4.234,19.656
4.394,19.037
5.920,19.668
5.739,19.060
5.055,18.513
4.865,19.472
4.141,19.215
4.097,18.088
4.362,19.335
4.429,19.920
5.703,18.853
5.098,18.702
5.622,18.416
4.115,19.548
4.329,19.734
4.319,19.047
5.751,18.950
4.507,18.114
4.225,18.804
4.212,19.907
6.000,18.381
7.689,0.125
7.594,0.280
7.667,1.993
6.086,0.003
6.438,1.256
7.388,1.375
6.835,1.484
7.574,0.816
6.671,1.012
7.319,0.274
7.198,1.815
6.512,1.624
7.142,1.643
7.114,0.362
6.892,1.716
7.311,1.387
6.385,1.306
7.029,0.699
7.271,1.501
7.880,1.822
6.907,1.481
7.597,0.750
6.736,1.607
6.009,0.258
6.639,0.636
6.644,1.358
7.796,1.385
6.999,0.734
7.629,0.139
7.546,1.969
7.395,0.135
6.548,1.353
7.984,0.420
6.731,0.116
6.481,0.399
6.883,1.879
7.071,1.391
6.443,1.137
6.825,1.499
6.141,1.595
7.956,1.107
6.748,0.158
7.089,1.324
7.005,1.401
7.107,0.677
6.790,0.316
6.153,0.372
6.583,0.164
7.332,1.434
7.300,3.235
7.680,2.037
7.544,3.325
7.977,2.344
6.355,3.757
7.938,3.150
6.499,3.744
6.374,3.672
6.384,2.913
6.868,2.765
7.636,2.805
6.531,2.898
6.428,3.154
6.409,3.200
7.599,3.770
7.084,2.878
7.645,3.826
6.064,3.329
7.625,3.374
6.485,2.258
6.069,2.893
7.724,2.114
6.923,3.683
7.454,2.143
6.619,2.922
7.733,2.400
7.311,2.193
6.667,3.003
6.356,3.300
6.216,2.954
7.094,2.179
7.711,3.844
6.989,2.717
7.641,2.748
6.201,3.301
7.269,3.619
6.637,3.892
6.644,3.506
6.566,2.455
6.572,2.893
6.833,2.545
7.101,2.487
7.760,2.870
6.094,3.756
6.781,2.629
6.443,3.529
7.876,3.464
7.493,3.987
6.870,3.804
7.231,4.333
7.659,4.446
6.811,5.471
7.424,5.162
7.973,4.005
7.892,5.163
6.917,4.859
6.716,5.209
7.198,4.845
6.027,4.206
7.202,4.483
6.223,4.083
6.771,4.386
6.066,5.761
6.526,5.525
7.133,4.041
6.469,5.683
7.699,4.208
7.411,5.422
6.105,4.175
7.797,5.851
6.681,4.973
7.489,5.538
6.275,5.398
7.063,4.854
6.468,5.635
6.195,5.075
7.515,5.664
7.691,4.547
7.100,5.268
6.715,5.236
7.941,5.446
7.799,5.962
7.333,4.051
7.177,5.642
6.669,5.465
7.015,4.847
6.021,5.116
7.101,4.992
7.826,4.664
6.548,5.459
6.751,4.649
7.090,5.982
7.802,4.436
6.509,4.596
7.723,4.244
7.781,4.464
7.767,5.099
6.481,5.894
6.886,7.501
6.032,6.864
7.418,6.626
7.338,6.360
6.317,6.882
6.378,7.845
7.997,7.617
6.319,7.165
7.858,6.807
7.715,6.219
6.541,6.527
7.343,6.680
7.995,7.013
7.254,7.113
7.395,7.145
6.585,7.767
7.995,6.147
7.712,6.385
6.965,6.319
7.291,7.318
7.283,7.625
7.758,7.282
7.731,7.931
7.852,6.043
6.081,7.728
7.710,7.362
7.503,7.127
7.123,6.509
7.287,7.959
6.479,7.651
7.924,6.788
6.994,7.432
7.609,7.639
7.762,6.060
6.236,6.264
6.208,6.211
7.947,6.761
7.492,7.052
6.283,6.345
7.436,7.722
7.027,7.094
6.531,7.551
6.769,6.488
7.591,7.354
6.283,7.531
6.613,7.106
6.765,6.297
7.404,6.300
7.991,7.690
7.544,8.312
6.471,9.245
6.241,9.092
6.649,9.771
7.643,9.467
7.219,8.656
6.174,9.397
7.614,8.650
7.442,9.486
6.735,9.926
7.303,8.050
6.980,8.238
6.625,9.072
7.641,9.001
6.323,9.346
6.716,8.077
6.229,8.123
7.220,9.109
6.349,9.578
7.043,8.195
6.087,9.398
6.419,9.727
7.980,9.825
6.073,8.203
7.522,8.434
6.108,9.817
7.626,8.995
6.687,8.654
7.297,9.704
6.587,9.295
7.073,9.109
6.670,8.638
6.803,9.038
6.348,8.763
6.307,8.845
6.094,9.637
6.510,8.284
6.074,9.483
7.582,9.323
7.948,9.623
7.663,8.219
7.909,9.602
6.741,8.146
6.026,9.414
7.222,9.718
7.953,8.634
7.787,9.689
6.055,9.274
6.062,9.166
6.030,10.180
6.702,11.636
6.079,11.763
6.415,10.121
6.690,10.909
6.518,11.775
6.095,10.841
6.568,11.231
7.469,11.783
7.640,11.027
6.930,11.215
6.809,10.394
6.397,11.535
7.409,10.747
6.380,11.948
6.617,11.176
6.755,10.392
6.931,10.254
6.589,10.304
7.113,11.472
7.082,10.055
7.142,10.622
6.681,11.852
6.754,10.423
6.434,11.926
6.128,10.722
6.646,10.818
6.275,11.576
6.894,11.580
7.700,11.510
6.472,10.686
6.890,10.302
7.325,11.496
7.208,10.563
6.526,11.050
7.731,11.460
6.380,10.034
6.617,10.872
7.188,10.714
6.548,11.307
6.762,10.657
6.823,11.878
7.734,11.046
7.653,11.666
6.729,11.411
7.228,10.765
6.468,11.577
7.116,10.339
6.853,10.651
6.555,13.993
6.107,13.855
7.206,13.770
6.027,13.019
6.920,13.094
6.410,13.546
6.092,13.961
6.723,13.666
7.156,12.705
6.064,12.783
6.787,13.633
7.501,12.734
7.379,12.861
7.817,12.771
7.342,13.645
6.766,12.078
6.808,13.534
6.858,12.636
6.288,12.652
7.776,12.247
6.841,13.418
6.452,12.530
7.340,13.024
6.898,13.706
7.369,12.973
6.822,12.978
7.334,13.007
7.119,12.317
6.347,13.712
7.282,12.481
7.428,13.140
6.802,13.061
6.618,13.739
7.621,13.372
7.541,12.916
7.694,12.018
7.983,13.539
6.733,13.911
6.057,13.697
6.183,12.592
6.516,12.019
6.503,12.640
6.763,13.879
7.807,13.991
7.140,12.792
6.937,12.984
7.046,12.307
7.013,13.945
7.446,12.724
6.547,14.104
7.341,15.935
6.161,15.693
6.759,14.713
7.984,15.996
7.823,15.745
7.786,15.202
6.466,14.738
6.916,14.843
6.355,14.905
6.102,14.648
7.581,15.140
6.169,14.619
7.682,15.192
7.763,14.140
7.564,14.167
7.103,14.937
7.875,15.647
7.869,15.696
6.397,15.759
6.248,15.154
6.028,15.494
7.226,15.475
7.900,15.590
7.184,14.722
7.205,15.302
6.849,14.245
6.301,15.355
7.679,15.784
6.632,14.403
7.727,14.116
6.060,15.309
6.066,14.036
7.143,14.549
7.822,15.515
6.936,15.059
6.881,15.819
7.876,15.833
6.336,14.413
6.308,14.598
7.740,15.474
6.220,14.850
7.212,15.798
6.747,15.600
7.478,14.946
7.007,15.109
7.894,15.408
6.833,14.953
7.527,15.631
6.959,17.703
7.337,17.699
7.229,16.555
6.551,16.483
6.384,16.215
7.261,16.082
7.998,17.345
6.331,16.360
6.119,17.890
6.662,17.390
7.177,17.599
6.891,16.628
7.729,17.045
7.567,16.611
6.594,17.465
6.888,16.014
6.948,16.731
6.044,17.860
6.939,17.755
7.241,17.705
6.379,16.653
6.459,17.609
6.086,16.979
6.015,16.702
7.433,17.329
6.985,16.163
6.662,16.641
6.555,17.419
7.532,16.505
6.357,17.384
6.867,16.774
6.864,17.538
6.549,17.821
7.883,16.671
6.544,17.727
6.242,16.104
6.503,17.724
6.700,17.184
6.503,16.209
7.166,17.886
6.507,16.632
6.280,16.322
7.085,17.576
6.420,17.972
6.965,16.346
6.193,16.449
7.988,16.369
7.484,16.619
7.011,17.720
7.111,19.870
7.334,19.102
6.162,18.362
7.209,18.567
7.065,18.060
7.991,19.307
7.465,19.360
7.498,19.830
6.957,19.136
7.142,18.816
7.748,18.997
6.387,19.991
7.312,19.589
7.107,19.304
6.088,19.738
7.398,19.740
6.293,18.256
7.410,18.076
6.918,19.225
6.764,18.884
6.951,18.551
6.105,18.108
7.911,18.634
6.375,19.515
7.739,18.935
6.341,18.336
7.114,19.273
7.970,19.421
6.266,19.650
6.184,18.194
7.328,19.434
6.584,19.754
6.309,19.692
7.688,18.403
7.741,19.498
7.246,18.939
6.064,18.034
7.214,18.008
6.812,19.280
6.919,18.842
7.662,19.112
7.003,19.675
6.406,19.636
7.699,19.182
7.919,18.542
7.994,19.219
7.170,18.314
7.259,18.198
6.351,19.100
9.893,1.402
9.175,0.052
8.547,1.558
8.425,0.951
8.497,1.968
9.790,0.934
8.725,1.528
8.074,0.123
8.262,1.931
8.822,0.988
9.372,0.382
9.447,1.234
8.123,0.119
8.893,1.042
9.923,0.071
9.923,0.468
8.566,1.956
9.076,1.818
8.369,0.131
8.366,0.803
9.947,0.508
9.779,1.293
9.199,1.852
8.635,1.486
8.063,1.768
8.875,0.293
8.598,0.691
8.338,1.761
8.970,0.196
9.085,0.347
8.888,0.933
8.842,0.845
9.059,0.508
8.613,1.792
8.229,0.609
8.533,0.155
8.369,1.714
9.026,0.118
9.562,0.659
9.319,1.781
9.164,1.411
8.390,0.575
8.800,0.342
8.394,1.220
9.747,0.317
9.650,1.023
8.280,0.909
9.238,0.344
9.536,1.063
8.265,3.030
9.457,3.507
9.882,2.634
9.381,3.232
9.089,3.232
8.843,3.351
8.412,2.652
9.136,2.647
8.504,2.924
9.212,2.131
9.728,3.768
8.477,2.910
9.804,3.921
8.038,2.684
9.552,2.138
8.975,3.192
9.828,2.653
9.192,3.902
9.684,2.931
9.413,2.272
8.840,2.519
9.889,3.896
8.511,2.804
8.363,2.826
9.666,2.491
8.883,3.416
8.768,2.627
9.997,3.965
8.074,3.960
9.911,3.507
8.539,2.465
9.164,2.025
8.406,3.842
8.388,3.431
9.521,2.798
9.708,3.607
8.463,3.929
9.355,2.825
8.528,2.004
8.040,2.862
9.639,2.488
8.671,2.116
8.251,2.081
9.955,3.037
8.300,2.117
9.462,3.189
9.266,2.623
8.706,2.257
8.418,3.841
9.812,4.298
9.288,5.050
8.321,5.569
9.456,5.469
9.711,5.228
9.685,5.085
8.176,5.229
9.498,4.192
9.250,4.715
9.230,5.475
8.814,5.239
9.635,5.435
8.067,4.104
9.112,4.974
9.016,4.143
9.595,5.959
8.041,5.266
9.194,5.565
8.119,4.057
8.626,5.215
9.238,4.762
9.518,5.938
9.591,5.964
9.630,4.941
9.104,4.258
9.067,5.219
9.847,5.252
8.546,5.017
8.915,5.186
9.769,4.943
8.320,5.503
8.981,5.564
9.469,5.661
9.757,5.281
8.783,4.529
8.095,5.300
8.031,5.644
9.875,5.520
9.919,4.668
9.734,4.136
8.530,4.354
9.439,4.784
9.140,5.315
8.808,4.030
9.005,5.936
9.241,5.016
9.658,5.717
8.931,4.089
8.297,5.374
9.810,6.203
8.806,6.009
9.299,7.923
9.996,6.652
8.917,7.848
9.606,6.504
8.822,7.240
9.639,7.172
8.335,6.703
9.593,7.232
9.514,7.702
9.150,6.414
9.846,6.744
8.883,7.730
9.114,7.029
8.541,6.855
8.499,7.394
9.492,7.079
8.982,7.344
8.853,7.130
9.117,6.002
9.909,6.196
9.221,7.779
8.352,7.445
8.056,6.573
8.917,6.368
9.065,7.327
9.977,7.244
8.212,6.737
8.658,6.048
8.512,7.940
8.032,7.120
9.280,6.982
8.959,7.888
9.205,7.885
8.133,6.982
9.260,6.127
8.900,6.032
8.565,7.342
8.405,6.469
9.216,7.052
9.635,7.652
9.177,6.256
9.922,7.611
9.282,6.670
8.461,6.740
9.416,6.442
8.409,7.743
9.925,6.157
8.138,8.145
9.338,9.932
9.182,8.676
8.445,9.428
9.462,9.862
9.806,9.579
9.345,8.102
8.741,9.862
9.085,9.574
8.877,9.908
9.237,9.264
8.310,9.280
8.581,9.437
9.434,8.218
9.126,8.866
8.515,9.172
8.771,9.121
8.066,9.933
9.154,9.241
8.083,8.172
9.291,9.099
9.206,8.204
8.531,8.764
9.870,9.785
9.415,8.188
8.507,9.760
9.985,8.514
8.863,8.366
8.120,9.333
9.484,9.011
9.450,9.189
9.445,9.341
9.413,9.651
9.386,8.397
9.020,8.270
9.896,9.690
8.895,8.718
8.338,8.992
9.137,9.439
8.153,8.669
9.586,9.109
9.719,9.355
8.040,8.235
8.821,8.790
8.994,9.184
9.796,8.629
8.459,9.976
9.424,9.042
9.432,8.133
8.606,11.898
9.562,11.918
9.920,10.376
9.595,11.257
8.091,11.783
8.147,11.671
9.456,11.422
9.373,11.516
9.478,10.296
9.091,11.863
8.374,10.476
9.928,11.310
9.915,10.943
9.044,11.054
9.470,11.715
9.008,10.525
8.349,11.071
9.373,10.900
8.504,11.684
9.523,10.815
8.664,10.477
8.358,11.568
9.954,10.016
9.362,10.149
8.063,10.250
8.639,11.396
8.028,10.411
8.463,11.591
8.696,11.883
9.909,10.813
8.917,11.862
9.134,10.349
8.548,10.614
8.860,10.499
8.308,10.133
9.627,11.056
9.570,11.037
8.380,11.801
8.136,11.483
8.952,11.311
9.063,10.946
9.996,11.395
8.599,10.644
8.950,11.472
8.307,11.444
9.569,10.203
9.409,11.049
9.615,10.691
8.449,11.286
8.243,12.555
8.304,13.304
9.664,13.203
9.632,13.489
8.636,13.603
8.803,13.921
8.354,12.869
9.381,12.176
8.288,12.984
9.218,12.288
8.554,13.959
8.230,13.684
8.355,12.740
8.905,13.902
9.069,12.197
8.613,13.911
9.554,13.474
9.780,13.839
8.205,12.046
8.989,13.921
9.361,12.768
9.070,12.487
8.592,12.250
9.232,13.793
8.453,13.849
9.325,13.516
9.253,13.620
9.258,12.722
8.405,12.500
9.673,12.112
8.926,13.076
8.909,13.374
8.636,12.222
8.332,13.445
8.633,13.933
9.090,12.485
8.601,13.656
8.361,13.403
9.502,12.445
8.145,13.714
9.241,12.239
8.675,13.566
9.835,12.587
9.497,12.740
9.675,12.121
8.297,12.430
9.428,13.100
8.524,12.623
9.146,12.331
9.872,14.888
9.145,14.779
8.697,15.394
8.217,15.187
8.417,15.953
9.735,14.007
8.960,15.917
9.216,14.964
9.335,14.736
9.903,14.554
8.365,15.984
9.930,14.806
9.672,14.673
9.631,15.605
9.952,14.667
8.554,15.891
8.622,14.000
8.748,14.056
9.885,14.924
9.881,14.842
9.287,14.483
8.750,15.053
9.830,14.446
8.752,15.398
9.685,14.389
9.871,14.777
8.594,14.759
8.749,14.319
9.005,15.717
9.402,15.486
9.004,14.580
8.141,15.558
9.119,15.675
9.263,14.804
8.040,15.413
9.078,14.669
9.337,14.401
8.822,15.260
8.219,15.402
8.038,15.477
8.416,14.948
8.967,14.075
8.227,15.436
9.523,14.986
9.816,15.503
9.422,15.204
8.801,15.497
9.001,14.548
8.210,15.866
9.324,17.623
9.864,17.261
9.105,17.274
9.242,16.180
9.038,17.869
8.907,16.954
9.075,17.699
8.532,17.901
9.229,16.829
8.619,16.447
9.456,17.697
9.937,17.032
9.183,16.780
9.776,16.615
8.042,16.643
9.057,17.593
8.376,16.674
9.368,16.933
9.072,17.829
9.992,17.351
9.296,17.683
9.982,17.329
9.675,17.126
9.352,17.797
9.510,16.984
8.440,16.287
9.564,17.903
9.515,16.370
8.990,17.799
9.677,17.196
9.983,16.183
9.131,16.936
8.678,17.684
9.876,16.954
9.902,16.065
8.886,16.513
8.307,17.069
8.848,16.820
9.464,17.382
8.503,16.248
9.475,16.045
9.670,17.512
8.674,17.619
9.005,16.644
9.962,17.408
9.563,16.561
9.354,16.075
8.220,17.038
9.300,17.939
8.026,19.913
8.329,18.279
9.540,19.322
9.596,19.953
8.221,19.781
9.879,18.651
9.929,19.927
9.601,19.082
9.603,18.742
9.430,19.420
9.179,18.045
8.028,18.316
9.804,18.096
8.501,19.784
8.421,18.104
8.126,18.290
9.768,18.461
8.901,19.328
9.879,18.502
9.499,19.828
8.127,18.627
8.172,19.683
9.882,18.573
9.176,18.725
8.844,18.660
8.283,18.447
9.118,19.824
9.930,18.795
8.086,19.248
9.580,19.342
8.144,19.404
9.852,19.149
8.363,19.310
9.978,18.633
8.142,19.834
9.165,19.745
9.909,19.838
9.405,19.789
8.931,18.984
8.304,19.169
9.313,18.009
9.501,18.401
8.218,18.296
9.225,18.680
9.405,19.529
8.561,19.339
8.113,19.266
9.985,18.492
8.387,19.237
11.731,0.176
10.881,0.166
10.556,0.322
10.217,1.956
10.454,0.842
11.954,1.021
11.898,0.170
10.239,1.598
11.161,1.545
10.187,0.840
10.280,1.367
10.069,0.510
11.225,0.932
11.364,1.085
10.847,1.856
11.727,1.080
10.147,0.504
10.959,1.406
10.445,1.735
11.018,1.585
10.006,1.279
10.144,1.610
11.686,1.047
10.167,0.295
11.156,0.708
11.043,1.894
10.274,1.817
11.701,1.827
11.166,1.837
11.244,1.316
11.571,0.341
11.582,1.739
11.021,0.723
11.553,0.525
10.418,1.727
11.589,1.390
10.563,0.097
11.005,0.738
10.208,0.681
10.953,1.034
11.188,1.277
11.121,0.962
11.202,0.551
11.235,1.178
11.792,0.334
11.415,1.477
10.103,0.610
10.465,0.180
11.965,0.505
10.151,3.558
10.875,3.599
10.522,2.101
10.437,2.858
10.354,3.452
10.814,3.516
11.764,2.808
10.774,3.205
11.064,2.608
11.867,3.653
10.916,2.323
10.321,3.265
11.849,2.148
11.201,2.887
10.200,3.426
10.400,2.082
10.554,3.599
11.028,2.218
11.717,2.510
11.754,3.686
10.319,3.866
11.671,3.558
11.082,2.674
11.242,3.005
11.831,2.459
11.887,2.771
10.305,3.084
11.785,2.035
10.832,2.973
10.435,2.961
11.925,2.568
11.561,2.250
10.877,2.808
10.899,2.012
10.392,3.470
10.451,3.266
11.344,3.153
11.755,2.377
10.701,3.753
11.733,3.755
10.691,3.207
11.693,3.114
10.273,3.347
11.028,2.612
10.962,2.657
10.190,2.182
10.089,2.754
10.496,2.367
11.545,2.407
11.326,4.972
11.074,5.898
10.280,4.847
10.183,5.551
10.855,5.103
11.726,5.226
11.201,5.093
11.227,4.602
10.528,5.454
11.003,5.060
10.708,5.525
11.150,4.968
11.661,5.462
10.454,5.200
10.064,4.352
11.297,4.678
11.957,4.651
11.602,4.773
10.802,4.240
11.901,4.359
11.573,4.430
10.576,4.338
10.413,5.222
11.334,5.461
10.446,4.126
11.993,4.233
11.292,5.867
10.619,4.737
10.856,5.276
10.096,5.180
10.939,4.690
11.186,4.968
11.254,4.164
11.131,5.137
11.395,5.818
11.880,5.938
11.325,4.615
10.981,4.396
11.946,4.905
11.219,5.660
10.315,5.026
10.052,4.938
11.064,5.291
10.905,5.857
10.596,5.662
11.401,4.034
11.604,4.425
10.573,5.686
10.490,4.191
10.124,6.093
11.245,6.518
11.810,7.712
10.337,7.477
11.986,6.770
10.192,7.468
11.403,6.139
11.815,7.614
11.300,7.312
10.118,6.016
11.855,7.284
10.515,6.219
10.069,7.161
10.357,7.165
11.136,6.303
11.753,6.971
10.361,6.808
11.353,7.838
11.696,6.170
11.648,6.396
11.945,6.892
11.355,6.802
10.718,6.902
11.440,6.912
11.173,7.551
10.359,6.822
11.631,7.035
11.057,6.112
11.113,6.026
11.308,7.080
10.864,7.352
11.941,6.308
10.932,6.512
10.532,7.840
11.855,6.859
11.112,6.318
10.528,6.256
11.450,7.358
10.309,7.012
10.494,7.504
10.416,7.916
11.508,7.050
10.705,6.191
11.482,6.064
10.856,6.154
10.379,6.905
10.057,6.430
10.765,7.567
10.238,6.494
11.408,9.146
10.916,8.392
11.391,9.747
10.716,8.421
10.306,8.150
11.633,8.597
11.095,9.537
11.090,8.730
11.095,8.606
11.864,8.895
11.861,8.363
10.937,9.134
11.306,9.933
11.330,8.195
10.750,9.677
11.996,8.111
10.419,8.943
11.822,8.444
11.964,8.753
10.802,9.004
11.565,8.754
10.461,8.848
10.172,8.722
10.565,8.378
10.466,9.956
10.205,8.352
11.076,8.859
10.304,8.617
11.635,8.023
11.608,8.369
11.231,9.129
11.234,8.777
11.814,8.979
11.826,9.750
11.120,8.968
10.392,9.689
10.679,9.310
10.875,8.016
11.470,8.329
11.525,9.307
10.777,8.131
11.139,8.832
10.823,8.966
11.221,8.315
10.726,9.596
10.131,9.735
10.358,9.975
10.291,9.972
11.658,9.565
10.496,10.110
11.961,11.585
10.404,10.219
10.916,10.520
11.270,11.417
11.542,11.193
11.968,10.029
10.998,10.722
10.390,11.664
11.611,11.657
11.261,10.005
11.752,11.633
10.450,10.140
11.093,11.832
10.821,11.238
11.825,11.575
11.710,10.387
10.401,11.361
11.070,10.404
11.353,11.647
10.353,11.427
11.757,11.712
11.201,11.115
11.909,11.885
11.992,11.241
10.761,11.471
11.313,11.525
11.698,11.682
10.428,10.492
11.209,11.877
11.789,10.178
10.004,10.446
11.662,10.504
11.168,10.613
11.932,10.110
10.882,10.518
11.145,11.488
10.295,11.844
11.848,11.201
10.105,10.337
10.294,11.019
10.405,10.508
11.575,10.777
11.361,11.848
10.242,10.762
11.292,10.852
11.472,10.460
11.695,10.174
10.854,11.448
11.801,13.225
11.847,13.272
10.206,13.523
10.978,12.101
10.148,13.113
11.841,12.985
11.994,13.357
11.956,13.517
11.490,12.430
11.560,13.723
11.351,12.804
10.381,13.985
10.741,13.060
11.462,13.811
10.211,13.322
10.105,13.269
10.652,12.639
10.984,13.883
11.842,13.613
11.498,12.832
11.122,12.601
10.428,13.227
11.794,12.789
11.952,12.313
11.773,12.463
10.093,12.389
10.090,13.782
11.645,12.255
11.769,12.365
10.661,12.024
10.677,13.013
10.543,13.077
10.886,13.862
10.822,12.001
10.118,12.302
10.661,12.307
11.835,12.956
10.167,12.750
11.536,13.036
11.568,12.053
11.827,13.393
11.311,12.863
11.813,12.577
11.150,12.733
11.398,12.198
11.283,12.953
10.032,12.933
11.611,13.049
10.480,13.463
10.157,15.746
11.175,15.667
10.737,14.217
11.715,14.388
10.930,14.438
11.066,15.066
10.401,14.441
11.033,15.572
10.663,15.298
10.568,15.547
10.319,15.638
11.466,15.547
10.858,14.513
11.026,15.330
11.062,14.420
10.223,15.572
11.092,15.298
10.967,14.348
10.310,15.314
11.007,14.669
11.902,15.240
10.040,14.408
10.362,14.245
11.588,14.911
10.912,15.905
10.213,15.613
10.894,14.256
10.621,14.967
10.226,14.685
10.222,15.016
10.964,15.490
11.717,15.885
11.048,14.904
11.260,15.544
10.274,15.414
10.765,15.132
11.578,14.167
11.927,15.156
11.675,15.296
10.500,14.887
10.133,14.961
10.423,14.257
10.925,14.931
10.324,14.574
11.538,15.509
11.995,15.364
11.697,15.620
11.377,15.657
10.755,14.870
11.632,17.022
11.837,17.393
10.857,16.676
11.768,16.290
10.008,17.963
10.875,16.486
11.590,16.535
11.712,16.804
10.681,17.525
10.775,17.073
10.850,16.045
10.261,17.090
10.534,16.311
11.951,17.235
10.431,17.707
10.257,17.566
11.475,17.108
10.519,17.191
11.964,17.759
11.593,16.745
11.379,16.048
10.809,17.773
11.491,16.457
10.350,17.836
10.285,16.025
11.121,17.154
11.285,16.621
11.173,17.594
11.839,16.354
10.731,17.822
10.916,16.417
10.909,17.424
11.993,16.690
10.152,17.811
11.577,16.404
11.489,16.730
10.946,17.190
10.640,16.173
11.650,16.816
10.058,16.519
10.345,16.927
10.952,16.705
11.528,17.105
10.363,17.250
11.723,16.554
11.355,17.930
11.687,17.730
11.380,16.938
10.200,17.220
10.881,19.318
10.002,18.194
11.200,19.505
11.428,19.730
11.839,19.767
10.323,19.335
10.162,19.379
11.783,19.964
11.569,18.325
10.290,19.863
11.235,18.349
11.811,18.536
11.451,19.171
10.406,19.153
11.650,18.666
10.927,18.713
11.164,18.840
10.357,18.277
11.786,18.392
11.357,18.575
10.193,19.698
10.583,19.303
11.298,19.005
11.333,19.432
10.586,19.671
11.095,18.824
10.503,19.246
11.541,18.485
10.962,18.219
11.552,19.754
11.014,19.228
10.814,19.745
11.771,18.566
10.572,19.363
11.619,18.778
11.077,19.191
11.799,18.172
10.312,19.570
11.416,18.047
11.545,18.188
11.928,19.464
10.280,19.478
10.197,18.357
10.165,19.150
10.142,18.811
10.413,18.165
10.077,19.305
10.314,19.456
11.784,19.748
13.389,1.724
12.383,0.109
12.745,1.608
13.069,0.457
12.206,0.549
13.779,1.220
12.776,1.653
13.836,1.489
12.994,0.878
13.655,0.162
12.744,1.842
13.557,1.746
13.092,0.580
12.758,1.642
13.695,1.546
12.599,0.702
12.364,1.192
13.074,1.897
12.329,0.418
12.726,0.883
13.773,0.214
12.961,1.298
13.200,1.810
12.859,0.592
13.197,1.640
13.532,1.201
12.155,0.435
12.088,0.886
12.503,0.755
12.288,1.046
13.034,0.281
13.923,0.805
13.865,1.167
12.002,1.713
13.613,0.777
13.804,0.843
13.335,0.103
12.849,1.121
12.802,1.204
13.863,0.681
13.665,1.943
13.791,0.078
13.085,1.363
12.926,1.156
12.374,0.008
13.210,0.387
12.222,0.486
13.775,0.497
13.071,0.607
12.788,3.193
12.190,2.400
13.653,2.794
12.025,3.317
12.643,3.588
13.378,2.943
12.023,2.727
13.983,3.526
13.712,3.461
12.035,3.627
13.576,2.542
13.244,3.223
13.380,2.597
12.964,3.552
12.489,3.281
13.975,2.035
12.366,2.035
13.466,3.569
13.932,2.253
13.787,2.517
12.856,3.665
12.539,2.698
12.827,2.764
12.550,3.693
13.884,2.077
13.318,2.787
13.854,2.094
12.464,2.841
13.966,2.671
12.775,3.429
12.709,3.721
13.383,3.534
12.983,4.000
12.662,3.126
12.616,3.800
13.382,3.930
13.311,2.375
13.707,2.701
12.078,3.889
12.578,3.311
12.210,2.720
13.059,2.966
13.889,3.923
12.200,2.870
13.450,3.665
12.984,2.632
13.394,3.445
12.912,2.751
12.197,2.908
12.808,4.474
13.989,5.079
12.379,5.342
13.147,4.808
12.117,5.748
13.888,4.259
12.090,4.806
13.906,4.241
13.196,4.851
12.125,5.204
13.429,4.878
13.625,4.700
12.731,4.237
13.812,5.143
12.992,4.897
12.881,4.647
12.749,5.582
12.650,4.796
13.162,4.104
12.813,4.115
12.816,5.197
12.685,5.097
13.924,4.170
13.499,5.559
13.481,5.690
13.314,4.173
13.940,5.996
13.597,4.958
12.972,5.884
13.547,4.567
12.866,4.743
13.219,5.164
13.142,4.980
13.510,4.717
12.926,5.128
12.070,5.509
12.664,4.967
13.207,4.686
13.727,4.957
12.830,5.652
13.475,5.294
12.525,4.130
12.335,4.919
13.784,5.682
12.471,5.775
12.493,4.532
12.590,4.624
12.706,4.469
12.456,5.759
13.791,7.675
13.680,6.889
13.995,6.266
12.334,7.543
12.505,6.372
13.962,6.281
13.052,7.562
12.554,6.036
13.136,7.436
12.029,7.903
13.918,6.181
13.808,6.672
12.859,6.915
13.030,6.436
12.153,6.635
12.973,7.574
13.029,7.562
12.245,7.426
12.973,7.724
12.310,7.970
13.943,6.563
13.903,6.821
12.629,6.392
13.907,6.854
12.839,7.517
13.248,6.767
13.041,7.824
13.373,7.904
13.163,6.658
13.867,7.640
13.681,7.796
12.787,6.643
13.073,7.333
12.254,6.337
12.706,7.285
12.890,7.854
13.197,6.732
13.635,6.818
13.340,7.310
12.533,7.245
13.638,6.858
13.033,6.892
13.510,6.042
13.370,7.359
12.239,7.761
13.594,7.256
12.723,6.152
13.804,7.746
12.083,7.007
12.153,8.786
12.204,8.410
12.183,9.368
12.256,9.411
12.058,8.075
12.276,9.544
13.246,9.270
13.852,9.010
13.235,9.221
12.993,8.332
13.815,9.489
13.232,9.290
13.515,9.870
12.027,9.961
13.744,8.224
12.532,9.664
13.200,9.498
13.793,8.628
12.113,9.243
13.422,8.197
12.882,9.958
13.838,8.385
12.671,9.552
12.108,8.583
12.519,8.262
12.472,8.249
12.537,9.309
13.599,9.373
13.750,9.628
13.651,9.548
12.139,9.983
13.206,9.447
13.466,8.760
13.109,9.525
12.413,8.775
13.307,9.749
12.633,9.394
13.742,9.188
13.247,9.279
13.349,9.253
12.362,8.083
12.239,9.413
13.177,8.393
13.110,9.198
13.226,8.240
12.967,9.296
12.333,9.489
13.203,9.562
13.834,8.423
13.103,10.752
12.631,11.823
12.839,11.787
12.647,10.875
13.016,11.369
13.223,10.198
12.830,11.755
13.054,10.316
13.901,11.507
13.189,10.883
13.847,11.020
13.689,10.978
12.660,11.655
13.483,11.774
13.934,10.277
14.000,11.898
12.037,10.024
12.128,10.805
13.256,11.096
13.072,10.454
12.001,10.407
12.663,10.620
12.116,11.890
13.696,10.154
12.375,10.276
13.838,11.480
12.207,10.152
13.691,10.677
12.725,11.133
12.557,10.428
13.121,10.923
12.472,10.162
13.485,11.115
12.075,10.707
12.110,11.521
12.869,11.746
12.349,11.844
13.443,11.420
13.088,10.520
12.204,10.353
13.894,11.525
12.204,11.447
12.895,10.973
12.602,11.733
12.472,10.304
12.338,11.606
12.801,11.892
12.571,11.752
12.335,11.865
13.457,13.071
13.263,13.972
13.814,13.931
13.025,13.283
13.249,12.032
13.938,13.567
13.303,13.233
12.000,13.126
13.177,12.611
12.933,12.922
12.602,12.106
12.522,13.804
13.420,12.027
13.321,12.640
12.431,12.767
12.787,12.174
13.071,12.008
12.894,12.419
12.491,13.747
12.308,12.392
13.583,12.456
13.169,12.020
12.534,12.675
13.550,13.009
13.461,13.362
13.653,12.501
12.682,13.317
12.810,12.329
12.209,12.970
13.343,13.685
12.997,12.871
12.352,12.006
13.528,12.186
13.489,13.896
12.301,13.500
13.787,12.899
13.758,13.253
13.599,13.928
12.250,12.122
12.711,13.170
13.572,12.652
12.699,13.275
12.649,12.452
12.582,12.640
12.926,12.276
13.839,12.608
12.027,13.289
13.855,13.386
13.251,12.840
13.851,14.500
13.454,15.054
12.366,14.595
12.899,15.545
12.357,14.402
13.613,14.581
12.965,15.666
13.838,15.993
12.030,15.873
13.119,14.157
12.397,15.560
13.601,14.351
12.095,14.052
12.093,14.807
13.434,14.403
12.472,15.764
13.093,15.389
12.975,15.837
12.260,15.336
13.944,15.020
12.886,15.617
12.602,14.622
13.106,14.617
12.402,15.464
13.915,15.983
13.524,14.642
12.127,15.975
12.078,14.162
13.709,15.722
12.577,15.777
12.537,15.208
13.241,15.316
12.641,14.784
12.699,14.841
12.997,15.036
13.643,15.925
12.938,14.809
12.005,14.374
13.239,14.204
13.216,15.703
12.936,14.359
12.106,15.679
12.955,14.831
12.015,15.240
12.592,14.386
13.676,14.111
13.929,14.013
13.417,14.417
12.235,15.969
13.276,16.619
13.417,17.675
12.560,17.072
12.582,16.278
13.426,17.533
12.782,16.672
12.047,17.912
13.990,16.815
13.919,16.601
13.379,17.139
12.881,17.675
12.966,17.876
12.397,17.283
13.682,17.096
12.672,16.550
13.925,17.290
12.168,17.286
13.672,17.296
13.071,17.835
12.197,17.386
13.278,17.354
12.467,16.329
12.472,17.854
12.283,16.228
12.832,16.307
13.207,17.972
13.958,16.123
13.369,17.084
12.562,16.332
13.185,16.794
12.491,17.759
12.076,16.156
13.648,16.521
13.229,16.001
13.362,16.148
12.474,16.557
12.789,16.656
12.338,17.543
13.884,17.858
13.335,16.539
13.525,17.256
13.562,16.466
12.339,17.802
12.647,17.965
12.803,17.858
13.137,17.508
12.172,16.654
13.363,17.038
12.802,17.563
12.865,19.957
13.435,18.512
12.418,19.278
13.998,19.821
13.749,18.748
13.486,18.811
12.980,18.750
13.491,19.469
12.876,19.817
12.932,18.490
13.961,19.538
12.568,18.023
13.550,19.702
12.824,18.404
12.776,19.469
13.530,19.218
12.670,19.393
13.103,19.986
13.346,18.098
13.757,18.792
13.370,18.437
12.294,18.166
13.361,18.927
13.034,18.531
12.898,19.286
12.456,18.531
12.785,19.883
12.113,18.552
13.748,19.901
13.370,18.742
13.615,18.047
12.542,19.849
12.047,18.601
13.990,18.195
12.887,18.629
13.731,19.076
13.181,19.168
13.137,19.936
12.937,18.195
13.272,19.589
12.685,18.196
13.442,18.829
12.904,18.143
12.510,18.734
12.370,18.694
12.544,19.964
13.495,18.429
13.364,19.387
13.712,19.935
15.536,1.324
14.984,1.546
14.397,1.742
14.476,1.561
14.655,0.699
14.477,0.746
14.136,1.353
14.609,1.933
14.235,0.851
14.417,0.524
15.642,1.417
15.365,0.732
14.895,0.927
14.341,1.337
14.331,1.320
15.692,1.811
14.990,0.122
15.890,0.584
15.044,1.421
15.862,0.297
15.303,1.593
15.064,1.832
14.368,0.094
14.355,1.943
14.991,0.628
15.733,0.295
14.204,1.015
15.995,0.727
14.781,1.053
14.393,0.555
14.592,0.702
15.328,0.708
15.416,1.900
14.172,0.544
15.774,0.307
15.255,0.122
15.346,0.321
14.093,1.768
15.523,1.647
14.919,1.737
15.680,0.751
15.576,1.784
15.706,1.502
14.835,1.457
14.376,0.323
14.201,0.928
14.108,0.150
15.272,1.168
15.688,0.531
14.710,3.287
15.503,2.155
15.888,3.841
14.863,3.145
15.272,3.931
15.970,3.409
14.610,2.889
14.083,2.375
14.983,2.387
14.468,2.417
15.772,3.760
15.664,3.283
14.630,2.365
15.655,3.841
15.490,3.794
14.496,2.452
14.696,3.737
15.956,2.286
14.303,2.326
15.746,2.894
14.620,2.761
14.887,2.339
15.050,3.032
15.795,3.218
15.300,2.557
15.623,2.859
14.005,2.535
14.442,3.042
14.855,3.838
14.817,3.517
15.260,3.254
14.339,2.661
15.635,3.882
15.674,3.581
14.358,2.508
15.697,2.955
14.470,3.760
14.269,2.960
15.173,3.866
14.223,3.558
14.188,3.814
15.117,3.492
14.047,2.747
14.320,3.270
14.367,3.381
15.994,2.479
15.172,2.276
15.531,2.719
15.342,2.771
14.008,4.482
15.219,5.382
14.233,5.282
15.467,5.494
14.919,5.356
15.225,5.149
14.585,4.240
15.621,4.737
15.708,4.539
15.723,5.422
14.721,4.199
14.965,4.088
14.398,5.595
15.129,5.652
14.196,4.750
15.948,4.515
15.124,4.997
15.369,4.004
14.683,4.387
14.569,5.591
14.457,5.173
14.765,4.706
15.913,4.667
15.885,4.971
14.967,5.789
14.170,5.647
14.879,4.625
14.763,4.120
14.051,5.291
14.346,4.235
14.274,5.440
15.893,4.289
15.998,4.695
14.600,5.495
14.187,5.348
15.046,4.739
15.311,5.622
14.666,4.420
15.053,4.806
15.577,5.220
15.278,4.592
15.837,4.574
15.843,5.906
14.188,4.697
15.792,5.560
15.351,4.943
15.514,4.037
15.934,4.329
14.420,4.706
14.019,7.037
15.699,7.804
14.480,6.691
14.725,7.474
15.110,6.241
14.659,7.188
15.608,7.252
15.836,7.860
14.487,7.416
14.471,7.962
15.979,6.104
15.268,7.954
15.984,6.754
15.479,6.352
15.136,7.936
14.991,7.725
14.043,7.874
15.986,7.956
14.765,6.263
14.753,7.064
15.596,6.178
15.202,6.905
15.201,7.898
14.649,6.069
15.194,7.450
15.437,7.276
15.187,7.685
14.941,7.589
15.399,6.710
15.545,6.759
14.880,7.470
15.127,6.008
14.405,7.313
15.626,6.569
14.111,7.331
14.264,6.288
14.931,6.303
14.964,7.611
15.893,7.051
14.539,7.256
14.346,6.013
15.224,6.894
15.175,7.851
14.085,7.143
14.060,7.914
14.901,6.194
14.856,6.357
15.054,7.374
14.147,6.725
15.010,8.969
15.036,8.836
14.938,8.607
15.237,8.753
14.038,9.524
15.530,9.668
15.139,9.021
15.643,8.506
14.130,8.423
15.620,8.071
14.786,8.857
15.745,9.534
14.545,8.155
15.069,9.082
15.812,9.204
15.626,9.540
14.342,9.045
14.374,8.780
15.267,9.042
15.949,9.725
14.331,9.424
14.274,9.764
14.893,8.527
14.096,8.392
14.266,8.034
14.511,8.880
15.944,8.534
15.545,8.798
15.292,8.703
15.837,9.196
15.253,8.442
14.509,9.254
15.638,9.250
15.268,8.228
14.557,8.177
15.813,9.479
15.563,8.652
14.598,8.423
15.062,8.499
14.030,9.198
15.554,8.460
14.149,9.874
15.270,9.539
15.863,8.998
15.767,8.463
15.788,9.309
14.042,9.594
15.778,9.425
14.726,8.596
15.178,11.308
14.924,10.160
14.888,10.338
15.265,11.114
15.287,11.785
15.715,11.224
15.082,10.512
15.728,10.997
15.148,11.712
15.287,10.802
14.413,11.487
14.407,10.619
15.865,11.097
15.655,10.730
15.726,11.670
15.247,10.662
15.872,11.209
15.300,10.700
14.545,10.687
14.782,11.277
15.440,11.058
15.736,10.553
14.203,11.985
14.335,11.501
14.433,10.115
15.332,10.812
14.224,11.683
15.464,10.921
15.322,11.296
14.382,11.480
15.960,11.674
14.656,11.585
15.434,10.184
15.427,11.069
15.470,10.975
15.270,10.171
14.467,10.508
14.820,11.898
15.654,11.330
14.736,10.394
15.245,11.866
15.554,11.624
15.636,11.064
15.001,11.680
15.725,11.706
15.326,11.039
15.397,11.179
14.218,10.069
14.257,11.548
15.860,12.102
15.658,13.710
15.698,13.387
14.091,13.467
15.477,12.234
15.010,12.323
14.104,12.659
15.133,12.812
14.915,12.852
14.302,13.172
14.892,13.768
14.955,13.187
14.400,12.162
14.269,13.995
15.012,13.376
15.051,13.679
15.967,12.195
14.418,13.466
14.849,13.082
14.349,12.328
15.026,12.099
15.159,12.803
15.422,13.840
15.962,13.861
15.188,13.675
15.187,13.611
14.826,12.623
15.202,13.666
14.333,13.169
14.119,13.989
15.929,13.333
14.835,12.015
15.928,13.308
14.372,12.879
15.316,13.971
15.588,12.546
15.601,13.593
14.299,12.670
15.489,12.046
15.908,12.985
14.960,12.834
14.569,12.047
14.303,12.242
14.972,12.128
14.662,13.941
15.803,13.094
15.672,12.331
14.941,13.060
14.735,12.963
15.455,14.645
15.507,15.336
14.468,14.639
14.148,14.379
15.944,15.887
14.913,15.948
15.460,15.218
15.630,14.631
14.038,14.209
14.637,15.187
15.082,14.622
15.741,15.921
15.490,15.305
14.758,15.319
15.014,14.379
14.195,14.245
14.912,15.526
15.640,15.017
15.964,14.188
14.425,15.681
14.917,14.481
14.118,14.777
15.419,14.655
15.408,14.933
14.498,15.889
14.952,14.582
14.660,14.262
14.734,14.117
14.660,14.679
15.516,15.813
15.012,14.598
14.924,15.800
15.303,14.344
15.747,15.421
15.360,15.836
15.003,14.288
15.357,14.540
15.339,14.330
14.899,14.455
15.320,15.168
14.163,14.941
14.187,14.111
15.148,15.220
15.618,15.097
14.106,15.336
14.086,15.890
15.205,15.409
14.353,15.837
14.499,15.984
15.672,17.513
14.255,17.288
15.265,16.549
14.712,16.215
14.622,16.965
15.326,16.839
15.202,16.327
14.561,17.281
15.092,16.024
14.302,16.734
15.182,16.992
15.936,17.457
14.422,16.187
14.176,17.563
14.724,16.130
15.684,17.394
15.073,16.825
14.559,17.313
15.408,16.376
15.746,17.719
15.827,17.601
14.439,17.091
15.701,16.962
14.533,16.889
14.231,17.132
14.188,17.102
15.030,17.497
15.567,17.288
14.290,17.908
14.819,16.876
15.093,16.012
15.356,17.584
15.418,17.448
14.496,17.742
14.438,17.246
14.532,17.328
14.628,17.722
14.289,17.558
14.281,17.190
14.232,17.805
15.978,16.809
15.185,17.688
15.574,17.867
15.730,17.135
15.270,16.816
14.342,16.224
15.327,16.380
15.323,17.627
15.990,16.037
14.601,19.466
14.178,18.196
14.458,19.381
14.508,19.373
15.240,19.648
15.215,18.688
15.122,18.134
14.522,18.990
15.985,18.915
14.042,18.921
14.469,19.368
14.751,19.237
14.265,19.548
14.106,19.693
14.706,18.659
15.881,19.810
15.723,18.442
15.260,19.825
14.224,18.278
14.766,19.162
15.969,19.832
15.588,18.698
15.982,18.042
15.863,18.174
15.593,18.270
14.475,19.041
15.140,18.419
15.937,18.062
14.421,19.850
14.924,19.975
15.940,19.877
14.000,18.545
15.021,19.688
15.130,18.297
15.842,18.482
14.510,18.260
15.463,19.644
15.301,18.022
14.902,19.759
15.815,19.421
15.325,18.302
15.723,18.171
14.411,18.784
15.845,18.741
14.954,19.195
14.084,18.809
14.772,18.540
15.066,18.586
15.970,19.284
16.047,1.336
16.636,0.520
16.664,0.399
17.024,1.679
17.064,1.027
17.285,1.575
16.001,0.357
16.812,0.623
17.451,1.816
16.263,1.018
17.304,1.289
16.322,0.711
16.706,1.342
16.260,1.973
17.609,0.837
16.354,0.373
17.081,0.231
17.244,0.981
17.962,1.875
16.267,1.598
16.402,1.640
17.846,1.846
17.862,1.166
17.994,1.907
16.137,1.047
17.989,1.742
16.953,0.282
17.296,0.587
16.719,0.283
16.776,1.560
17.975,0.766
16.272,1.162
16.116,1.830
17.616,0.514
16.952,1.545
17.117,0.120
17.651,1.353
16.613,0.987
16.647,0.597
17.126,1.892
17.070,0.493
16.196,1.637
17.248,0.860
16.957,0.077
16.866,1.905
16.004,0.749
16.319,0.402
16.135,0.918
17.848,0.547
17.013,3.833
17.994,2.831
17.813,3.030
17.959,3.218
16.926,3.477
17.419,3.961
16.775,3.376
16.351,2.350
16.802,3.449
16.454,2.724
16.700,3.494
16.701,2.042
16.940,3.051
16.612,2.337
16.666,3.971
17.784,2.357
16.010,3.714
17.259,3.715
16.906,3.174
17.289,3.852
17.438,3.857
17.054,3.131
17.821,2.222
16.897,2.372
17.038,3.985
16.650,2.138
16.234,2.216
16.594,2.092
17.895,2.037
16.635,3.727
16.900,3.715
16.245,2.797
16.495,2.996
16.732,2.742
17.260,2.460
16.414,3.432
16.115,2.733
16.239,2.545
17.455,3.353
16.433,3.880
17.448,2.113
17.726,3.930
17.578,2.684
17.723,3.013
16.488,3.344
17.983,2.289
16.185,2.606
16.365,2.968
17.668,2.579
16.212,5.020
16.052,5.860
16.921,5.699
16.234,4.770
17.475,5.199
17.182,4.757
17.499,5.755
17.886,4.767
17.387,5.488
17.065,4.400
16.082,5.327
17.656,4.668
16.061,4.302
16.182,4.160
16.090,5.532
16.040,5.427
17.308,4.220
16.769,5.407
17.208,5.956
16.386,4.698
17.076,4.656
16.818,5.483
17.447,4.440
17.523,4.940
17.148,4.764
17.339,5.928
16.475,5.119
17.643,5.771
16.090,4.608
16.865,4.960
16.178,4.715
17.436,4.566
17.442,4.575
17.215,4.198
16.487,5.070
16.473,5.307
17.166,5.039
16.494,5.642
16.443,5.941
16.838,5.691
16.339,4.272
17.358,4.896
16.521,4.036
16.009,4.475
17.101,4.613
16.519,4.647
16.200,4.303
16.994,5.083
17.849,4.880
17.501,6.391
16.782,7.468
17.712,7.452
17.683,7.033
16.650,6.409
17.462,7.829
17.626,6.138
16.099,7.088
16.393,7.995
16.649,7.288
17.626,6.666
17.938,6.284
17.742,7.929
16.539,7.647
17.163,6.131
17.577,6.493
16.055,7.208
16.929,7.141
16.628,6.050
16.379,7.888
16.042,6.021
16.294,7.233
16.991,7.464
17.384,6.853
16.026,6.975
16.103,7.646
16.677,6.290
17.258,6.151
17.445,6.571
16.390,7.659
17.705,6.921
17.485,7.335
17.615,6.932
16.578,7.643
17.064,6.078
16.815,7.414
17.736,7.778
17.542,6.847
17.353,6.913
16.959,7.767
16.151,6.654
16.937,7.445
16.660,7.359
17.530,7.305
16.850,7.406
17.763,6.815
17.695,6.731
16.246,7.887
17.232,6.909
16.189,8.088
16.171,8.580
16.369,9.985
17.112,8.039
16.620,8.929
16.443,9.793
17.402,8.595
16.977,8.907
16.019,8.581
16.384,9.945
17.036,9.402
17.494,8.326
17.478,9.153
17.520,8.898
16.344,9.197
16.271,9.548
17.037,9.156
16.416,8.659
16.226,8.537
17.861,8.232
17.754,9.297
17.304,9.473
17.105,8.663
17.023,8.675
17.029,8.515
17.969,8.183
17.871,8.659
17.225,8.287
17.167,8.271
16.881,8.824
16.078,8.871
16.407,8.320
17.207,9.087
17.576,9.481
17.389,8.569
17.989,8.841
17.986,9.332
16.292,9.386
16.271,9.860
17.121,9.960
16.460,8.269
16.851,8.271
17.940,9.855
16.203,9.307
17.278,9.334
16.788,9.972
17.556,9.080
17.630,9.759
17.600,9.684
16.741,10.275
16.670,10.141
17.811,11.416
17.166,11.979
17.075,11.025
16.917,10.639
16.418,11.827
17.617,10.426
17.775,10.470
16.964,10.334
16.901,10.466
17.069,11.066
17.568,11.867
16.702,10.557
16.240,11.462
17.926,10.312
16.314,10.334
16.694,11.877
17.957,10.570
17.959,11.742
16.635,11.948
16.871,10.013
16.370,10.404
16.618,11.134
16.800,11.101
16.473,11.999
16.105,11.908
16.609,11.754
16.856,10.098
17.249,10.597
16.852,10.086
16.710,11.901
16.010,11.010
17.900,10.963
17.369,11.976
17.842,10.693
17.265,11.775
17.774,11.559
16.748,10.881
16.393,10.101
17.300,10.551
17.813,11.318
16.914,10.838
16.783,11.249
17.603,10.316
16.746,11.059
16.391,11.353
17.287,10.941
16.858,11.720
16.538,13.148
17.302,12.372
17.105,12.460
16.570,12.188
17.080,13.416
17.633,13.509
16.685,12.602
17.956,13.267
16.139,13.321
16.738,13.524
17.286,12.963
16.072,12.235
16.552,12.362
16.096,12.047
17.807,13.485
17.197,13.944
16.670,12.743
17.322,13.556
16.850,12.240
17.470,12.931
16.054,12.286
17.421,13.605
16.048,13.468
16.767,13.760
16.422,13.601
17.299,13.296
16.626,13.872
17.836,13.629
17.840,13.490
17.519,12.013
17.230,13.149
16.681,13.223
16.173,12.620
17.309,12.390
16.992,12.787
16.195,13.811
17.777,13.434
16.820,13.544
17.851,13.099
17.040,12.601
17.442,12.311
16.635,12.549
16.125,12.512
17.783,12.338
17.595,13.988
16.524,12.161
17.332,13.111
16.275,13.161
16.735,12.217
17.455,14.800
16.257,14.421
16.289,14.699
17.137,14.684
16.849,14.769
16.273,15.452
17.398,14.427
17.795,14.169
17.092,14.737
17.916,14.985
16.112,14.263
16.613,15.964
17.286,14.462
16.699,14.112
16.256,15.424
17.855,15.532
16.263,15.771
16.184,15.023
16.607,15.526
16.841,14.428
16.842,15.780
16.308,14.051
17.775,15.935
17.886,14.456
17.331,14.378
16.944,14.952
16.336,15.366
17.505,14.088
16.295,15.950
16.728,14.454
16.215,15.742
16.848,15.126
16.552,15.352
17.127,14.037
17.319,14.287
17.402,15.616
16.442,14.142
17.760,15.979
17.418,15.885
17.936,15.012
16.327,15.053
16.968,15.640
17.280,15.674
16.693,15.593
16.351,14.720
17.633,14.004
17.055,15.906
16.837,14.122
17.450,14.657
16.250,16.470
17.904,17.040
17.150,17.762
17.608,16.484
17.248,17.883
16.884,17.100
17.975,16.244
17.363,17.405
16.558,17.834
17.081,17.275
16.412,16.275
16.569,17.931
16.436,16.191
16.991,17.769
16.762,16.206
16.400,17.858
17.529,16.889
17.157,17.902
16.227,16.944
16.609,16.495
16.201,17.974
16.047,16.466
17.849,17.118
16.039,17.140
17.098,17.886
17.188,16.320
16.709,16.492
16.374,17.805
16.974,16.003
17.552,17.249
17.373,17.627
17.155,16.193
17.754,17.427
17.184,17.058
16.585,17.801
16.029,16.928
16.862,16.022
16.089,16.930
17.213,17.164
16.265,17.025
16.784,17.709
16.364,17.023
17.445,17.163
17.507,17.625
17.896,17.996
17.576,16.324
17.233,17.196
17.782,17.961
16.528,17.777
17.403,18.751
17.991,19.533
16.761,19.597
16.286,19.363
17.509,19.502
17.537,18.475
16.264,18.892
16.624,18.776
16.683,19.658
16.291,19.773
16.016,19.737
16.664,18.285
17.217,19.036
16.717,18.287
16.662,18.525
16.264,19.196
16.544,19.289
16.024,19.906
16.014,19.380
16.340,18.894
16.114,19.255
16.103,19.705
16.572,19.633
16.438,18.126
17.532,18.566
16.732,18.365
16.268,19.550
17.551,18.547
17.941,19.490
16.014,18.835
16.485,18.307
16.190,18.502
16.652,19.041
16.074,19.245
17.308,18.216
17.707,19.073
17.026,19.325
16.005,18.071
16.036,19.204
16.861,18.359
17.612,18.145
16.067,19.549
16.937,19.536
17.644,18.023
16.526,19.850
17.123,19.340
16.256,18.796
16.345,18.078
17.082,18.439
19.345,0.441
18.475,1.110
19.876,1.923
18.680,0.909
18.150,1.354
19.819,0.623
19.338,1.638
18.935,0.861
19.404,0.495
19.013,1.228
18.842,1.518
19.060,0.347
19.858,0.861
19.293,0.540
19.582,1.866
18.503,1.978
18.853,0.944
19.661,0.124
19.155,1.028
18.821,1.267
19.257,1.895
19.392,1.970
18.126,1.687
18.824,1.238
19.666,0.935
19.797,1.222
19.856,1.396
18.949,1.272
19.845,1.023
19.224,1.151
19.565,1.373
18.895,0.215
19.427,0.770
19.321,0.387
18.660,1.536
18.510,1.722
19.858,0.599
18.542,0.389
18.298,1.794
19.918,1.865
19.588,1.164
18.902,1.176
18.210,1.585
18.906,0.980
18.521,0.012
19.992,1.304
18.771,1.668
19.553,1.770
19.709,0.494
18.228,2.089
18.322,2.155
18.117,3.660
18.296,2.934
19.366,2.085
19.735,2.809
18.166,3.393
19.717,2.042
18.256,3.813
18.240,3.578
18.959,3.885
19.136,2.575
19.850,2.735
18.490,3.382
19.082,3.325
18.151,3.255
19.463,2.481
18.883,3.158
19.328,2.528
18.730,2.930
18.275,2.326
19.135,3.146
18.831,2.536
18.413,2.988
18.096,2.916
19.096,2.425
18.450,2.468
18.754,2.026
19.366,2.244
18.823,2.709
19.401,3.624
19.019,2.756
18.421,3.880
19.899,2.380
19.137,3.836
19.127,3.178
19.993,3.443
18.005,2.778
18.486,2.069
19.848,3.985
18.974,3.330
18.739,2.744
18.030,3.270
18.251,2.235
19.419,3.693
18.686,3.406
19.740,3.475
18.393,3.261
18.810,3.662
19.738,5.216
19.855,5.158
19.270,4.833
19.555,4.829
18.667,5.244
19.020,4.830
18.008,5.579
19.753,4.965
19.943,4.713
19.666,4.895
18.314,5.641
19.202,4.005
19.804,4.791
18.643,5.747
18.163,5.596
18.649,4.268
19.578,4.627
19.102,4.128
18.752,5.614
18.308,4.939
18.253,5.644
19.631,5.721
18.690,4.877
19.611,4.792
18.294,4.072
18.634,4.009
19.443,5.241
18.217,5.167
18.719,5.746
19.966,5.373
18.034,5.150
18.272,5.199
19.414,5.135
19.814,4.444
18.982,5.799
19.915,5.292
18.709,4.639
18.833,5.705
19.503,5.550
18.036,4.844
18.191,4.125
19.526,5.342
19.953,4.596
18.283,4.230
18.781,4.714
18.877,5.347
19.520,5.875
18.323,5.022
18.050,4.824
18.236,7.866
19.177,6.230
18.347,6.467
18.793,6.456
18.450,7.807
19.870,7.831
18.828,6.218
18.846,7.737
18.244,7.685
19.967,7.831
19.529,7.305
18.156,7.702
19.858,6.725
19.952,6.285
19.761,7.362
19.105,7.341
19.928,6.218
18.370,6.314
19.892,6.109
18.077,6.883
19.618,7.117
19.026,6.515
18.102,7.073
18.282,7.336
18.003,7.892
19.425,7.630
18.396,7.565
19.820,6.279
18.702,6.629
18.469,7.457
19.854,6.911
19.007,7.895
19.762,7.384
19.405,6.016
19.145,6.923
18.944,7.268
18.789,6.785
18.018,6.960
18.285,6.629
19.336,6.914
19.331,6.879
18.076,7.243
19.639,7.249
19.563,7.575
18.514,6.239
18.026,7.030
18.185,7.420
19.000,7.259
19.920,7.312
18.939,9.867
19.019,8.676
18.589,8.525
19.723,8.024
19.706,9.087
18.114,9.170
19.657,8.023
18.069,9.626
19.484,8.480
18.325,9.654
19.987,8.286
19.714,8.801
19.388,9.206
18.650,9.705
19.139,9.767
19.901,8.013
19.440,8.959
18.737,8.199
19.021,9.128
19.496,8.110
18.763,9.378
18.641,8.043
19.706,9.779
19.370,9.173
19.024,9.715
19.833,9.144
18.507,8.667
18.032,9.621
19.135,8.749
19.456,9.643
18.292,9.316
18.513,9.559
19.191,8.946
19.834,9.386
19.061,9.116
18.495,8.382
19.672,8.879
19.230,9.656
18.758,8.860
19.698,8.626
19.884,9.885
19.855,9.142
19.349,8.537
18.512,8.070
19.657,8.985
19.122,8.173
18.139,9.366
19.877,8.085
18.286,8.047
18.158,11.192
18.341,10.088
18.419,10.240
18.732,11.197
19.558,11.480
18.898,11.508
18.832,11.150
19.065,10.487
18.396,10.135
19.554,11.277
19.509,11.579
19.158,11.804
18.482,11.299
19.172,10.937
19.428,11.790
18.631,11.041
19.870,11.635
19.308,11.208
18.281,11.149
18.053,10.504
19.612,10.049
19.026,11.525
19.862,11.975
19.380,11.582
19.773,11.672
18.973,11.832
18.693,11.643
19.654,11.657
18.681,10.086
18.697,10.616
19.912,10.933
19.946,11.269
19.443,11.795
19.220,11.199
18.406,10.633
19.557,11.532
19.694,10.959
18.852,10.277
19.190,10.392
19.454,11.795
18.614,10.366
18.270,10.707
19.043,11.819
18.973,11.559
19.176,10.660
18.832,10.548
19.389,11.837
19.763,10.638
19.663,11.816
18.147,12.350
18.431,12.281
18.978,13.576
18.419,12.870
18.902,12.692
18.533,13.755
19.724,12.311
19.862,13.891
18.924,13.972
18.854,13.727
18.758,13.085
19.737,12.212
18.506,12.444
19.229,12.888
19.426,13.614
19.627,12.903
18.974,12.511
19.305,13.745
19.864,12.495
18.711,13.501
18.511,13.262
18.917,13.480
18.443,12.879
18.770,12.983
19.223,13.257
19.731,13.049
18.461,12.376
18.446,12.994
19.462,13.575
18.118,12.532
18.090,13.226
18.747,13.325
19.396,13.095
19.290,12.736
19.575,12.709
19.811,13.637
19.828,12.038
18.684,13.047
19.672,13.810
18.907,13.441
18.269,13.758
18.594,13.530
19.348,12.133
19.699,12.321
18.256,12.776
18.051,13.282
18.727,13.068
18.746,12.411
19.921,13.076
19.962,15.033
19.283,15.200
19.269,15.125
19.815,14.638
19.486,15.997
19.287,15.977
18.152,14.128
19.978,14.229
19.672,14.976
18.499,15.620
18.202,14.570
18.254,14.444
18.338,15.708
18.117,15.294
19.659,14.555
19.869,14.992
18.207,14.471
19.974,15.515
18.949,14.871
18.246,14.238
18.288,15.934
18.976,14.816
18.696,14.969
19.075,14.990
18.509,15.258
18.803,14.664
18.978,15.182
19.638,14.538
19.600,14.447
18.856,14.621
19.835,15.213
19.376,14.944
18.226,14.954
18.444,15.760
19.027,14.849
19.706,15.581
19.369,14.524
18.239,14.326
19.043,14.948
19.101,15.922
19.962,14.306
18.966,15.654
19.356,14.659
19.400,14.580
19.772,14.196
19.348,14.330
19.933,14.902
19.385,14.593
19.530,14.443
19.303,16.607
19.992,16.092
19.596,16.968
18.318,17.497
18.391,17.068
18.011,16.117
18.408,16.470
18.199,16.117
19.503,17.541
18.983,16.566
19.345,17.654
18.099,17.716
19.814,16.262
18.928,17.203
19.655,17.165
18.944,16.965
18.975,17.288
18.646,16.695
18.126,16.267
18.038,16.645
18.555,16.166
18.729,17.587
18.160,17.638
18.700,16.748
18.742,17.840
19.817,17.530
18.091,16.409
19.142,17.829
18.286,16.822
18.105,16.760
18.758,17.447
18.606,16.608
19.692,17.599
18.102,17.817
18.320,16.904
18.746,17.820
19.670,17.305
18.639,17.531
18.334,17.997
18.259,16.317
18.825,16.628
18.126,17.241
19.068,17.052
18.771,17.421
18.607,16.977
19.061,17.277
18.076,17.791
19.964,17.523
19.504,17.898
19.786,19.680
18.015,19.872
19.968,18.939
18.487,18.734
19.495,19.188
19.720,19.678
18.983,19.007
19.705,18.543
18.495,18.452
18.519,19.356
18.170,19.438
18.435,18.258
19.709,19.523
19.805,18.107
19.782,19.924
18.269,19.105
19.437,19.568
19.860,19.722
18.544,19.983
19.568,19.264
19.365,18.856
19.920,18.374
18.289,19.062
19.149,18.787
19.817,18.978
19.498,18.656
19.837,18.892
19.238,18.756
18.270,19.328
18.954,19.872
18.134,18.086
19.661,18.702
19.107,19.826
19.316,18.571
18.629,18.991
19.289,18.269
18.626,19.897
19.348,19.342
18.908,18.790
18.735,19.125
19.300,19.696
19.874,19.849
19.581,18.856
18.299,19.126
19.280,19.586
19.344,18.123
18.407,18.348
19.164,18.737
19.159,19.863
